INSERT INTO l_citationsources (id, name)
VALUES ('382c229b-f539-4a5f-9881-99cd5b646e77', 'Списание'),
('569d7287-5f4c-4487-99b1-36ca44c5a875', 'Линк'),
('9023201c-8bd4-42a6-89dd-a1b2cdb90a24', 'Книга')

INSERT INTO l_citationtypes (id, name)
VALUES ('5e6d3b92-0260-4b41-bfde-dc7687338f8c', 'chicago'),
('89ed9c72-6614-4f8e-8cc2-838f84882421', 'apa'),
('93c895ee-b9d5-4559-a558-a8c5b1b221f3', 'existingCitation'),
('cc618339-0496-4d52-8f51-0e8b7c912afc', 'mla')

INSERT INTO l_citationtypes_l_citationsources (id1_L_citationType, id2_L_citationSource, config)
VALUES ('cc618339-0496-4d52-8f51-0e8b7c912afc', '382c229b-f539-4a5f-9881-99cd5b646e77', "[{\"number\": 2, \"name\": \"authorFirstName\", \"id\": \"authorFirstName\", \"label\": \"Име на автор\"},{\"number\": 1, \"name\": \"authorLastName\", \"id\": \"authorLastName\", \"label\": \"Фамилия на автор\", \"required\": \"true\"},{\"number\": 3, \"name\": \"source\", \"id\": \"source\", \"label\": \"Име на източник\", \"required\": \"true\"},{\"number\": 4, \"name\": \"containerTitle\", \"id\": \"containerTitle\", \"label\": \"Име на контейнер\"},{\"number\": 5, \"name\": \"otherContributors\", \"id\": \"otherContributors\", \"label\": \"Други сътрудници\"},{\"number\": 6, \"name\": \"version\", \"id\": \"version\", \"label\": \"Версия\"},{\"number\": 7, \"name\": \"number\", \"id\": \"number\", \"label\": \"Номер\"},{\"number\": 9, \"name\": \"publisher\", \"id\": \"publisher\", \"label\": \"Издател\"},{\"number\": 10, \"name\": \"publicationDate\", \"id\": \"publicationDate\", \"label\": \"Дата на издаване\", \"required\": \"true\"},{\"number\": 11, \"name\": \"location\", \"id\": \"location\", \"label\": \"Местоположение\"},{\"number\": 12, \"name\": \"linkOnline\", \"id\": \"linkOnline\", \"label\": \"Линк към онлайн версия\"},{\"number\": 13, \"name\": \"linkArchive\", \"id\": \"linkArchive\", \"label\": \"Линк към архив\"},{\"number\": 14, \"name\": \"linkLibrary\", \"id\": \"linkLibrary\", \"label\": \"Линк към библиотека\"}]"),
('cc618339-0496-4d52-8f51-0e8b7c912afc', '569d7287-5f4c-4487-99b1-36ca44c5a875', "[{\"number\": 2, \"name\": \"authorFirstName\", \"id\": \"authorFirstName\", \"label\": \"Име на автор\"},{\"number\": 1, \"name\": \"authorLastName\", \"id\": \"authorLastName\", \"label\": \"Фамилия на автор\", \"required\": \"true\"},{\"number\": 3, \"name\": \"source\", \"id\": \"source\", \"label\": \"Име на източник\", \"required\": \"true\"},{\"number\": 4, \"name\": \"containerTitle\", \"id\": \"containerTitle\", \"label\": \"Име на контейнер\"},{\"number\": 5, \"name\": \"otherContributors\", \"id\": \"otherContributors\", \"label\": \"Други сътрудници\"},{\"number\": 6, \"name\": \"version\", \"id\": \"version\", \"label\": \"Версия\"},{\"number\": 7, \"name\": \"number\", \"id\": \"number\", \"label\": \"Номер\"},{\"number\": 9, \"name\": \"publisher\", \"id\": \"publisher\", \"label\": \"Издател\"},{\"number\": 10, \"name\": \"publicationDate\", \"id\": \"publicationDate\", \"label\": \"Дата на издаване\", \"required\": \"true\"},{\"number\": 11, \"name\": \"location\", \"id\": \"location\", \"label\": \"Местоположение\"},{\"number\": 12, \"name\": \"linkOnline\", \"id\": \"linkOnline\", \"label\": \"Линк към онлайн версия\"},{\"number\": 13, \"name\": \"linkArchive\", \"id\": \"linkArchive\", \"label\": \"Линк към архив\"},{\"number\": 14, \"name\": \"linkLibrary\", \"id\": \"linkLibrary\", \"label\": \"Линк към библиотека\"}]"),
('cc618339-0496-4d52-8f51-0e8b7c912afc', "9023201c-8bd4-42a6-89dd-a1b2cdb90a24", "[{\"number\": 2, \"name\": \"authorFirstName\", \"id\": \"authorFirstName\", \"label\": \"Име на автор\"},{\"number\": 1, \"name\": \"authorLastName\", \"id\": \"authorLastName\", \"label\": \"Фамилия на автор\", \"required\": \"true\"},{\"number\": 3, \"name\": \"source\", \"id\": \"source\", \"label\": \"Име на източник\", \"required\": \"true\"},{\"number\": 4, \"name\": \"containerTitle\", \"id\": \"containerTitle\", \"label\": \"Име на контейнер\"},{\"number\": 5, \"name\": \"otherContributors\", \"id\": \"otherContributors\", \"label\": \"Други сътрудници\"},{\"number\": 6, \"name\": \"version\", \"id\": \"version\", \"label\": \"Версия\"},{\"number\": 7, \"name\": \"number\", \"id\": \"number\", \"label\": \"Номер\"},{\"number\": 9, \"name\": \"publisher\", \"id\": \"publisher\", \"label\": \"Издател\"},{\"number\": 10, \"name\": \"publicationDate\", \"id\": \"publicationDate\", \"label\": \"Дата на издаване\", \"required\": \"true\"},{\"number\": 11, \"name\": \"location\", \"id\": \"location\", \"label\": \"Местоположение\"},{\"number\": 12, \"name\": \"linkOnline\", \"id\": \"linkOnline\", \"label\": \"Линк към онлайн версия\"},{\"number\": 13, \"name\": \"linkArchive\", \"id\": \"linkArchive\", \"label\": \"Линк към архив\"},{\"number\": 14, \"name\": \"linkLibrary\", \"id\": \"linkLibrary\", \"label\": \"Линк към библиотека\"}]"),

('89ed9c72-6614-4f8e-8cc2-838f84882421', '382c229b-f539-4a5f-9881-99cd5b646e77', "[{\"number\": 2, \"name\": \"authorFirstName\", \"id\": \"authorFirstName\", \"label\": \"Име на автор\"},{\"number\": 1, \"name\": \"authorLastName\", \"id\": \"authorLastName\", \"label\": \"Фамилия на автор\", \"required\": \"true\"},{\"number\": 3, \"name\": \"source\", \"id\": \"source\", \"label\": \"Име на източник\", \"required\": \"true\"},{\"number\": 6, \"name\": \"version\", \"id\": \"version\", \"label\": \"Версия\"},{\"number\": 7, \"name\": \"number\", \"id\": \"number\", \"label\": \"Номер\"},{\"number\": 8, \"name\": \"page\", \"id\": \"page\", \"label\": \"Страници\"},{\"number\": 8, \"name\": \"publisher\", \"id\": \"publisher\", \"label\": \"Издател\"},{\"number\": 9, \"name\": \"publicationDate\", \"id\": \"publicationDate\", \"label\": \"Дата на издаване\"},{\"number\": 10, \"name\": \"linkOnline\", \"id\": \"linkOnline\", \"label\": \"Линк към онлайн версия\"},{\"number\": 11, \"name\": \"linkArchive\", \"id\": \"linkArchive\", \"label\": \"Линк към архив\"},{\"number\": 12, \"name\": \"linkLibrary\", \"id\": \"linkLibrary\", \"label\": \"Линк към библиотека\"}]"),
('89ed9c72-6614-4f8e-8cc2-838f84882421', '569d7287-5f4c-4487-99b1-36ca44c5a875', "[{\"number\": 2, \"name\": \"authorFirstName\", \"id\": \"authorFirstName\", \"label\": \"Име на автор\"},{\"number\": 1, \"name\": \"authorLastName\", \"id\": \"authorLastName\", \"label\": \"Фамилия на автор\", \"required\": \"true\"},{\"number\": 3, \"name\": \"source\", \"id\": \"source\", \"label\": \"Име на източник\", \"required\": \"true\"},{\"number\": 6, \"name\": \"version\", \"id\": \"version\", \"label\": \"Версия\"},{\"number\": 7, \"name\": \"number\", \"id\": \"number\", \"label\": \"Номер\"},{\"number\": 8, \"name\": \"page\", \"id\": \"page\", \"label\": \"Страници\"},{\"number\": 8, \"name\": \"publisher\", \"id\": \"publisher\", \"label\": \"Издател\"},{\"number\": 9, \"name\": \"publicationDate\", \"id\": \"publicationDate\", \"label\": \"Дата на издаване\"},{\"number\": 10, \"name\": \"linkOnline\", \"id\": \"linkOnline\", \"label\": \"Линк към онлайн версия\"},{\"number\": 11, \"name\": \"linkArchive\", \"id\": \"linkArchive\", \"label\": \"Линк към архив\"},{\"number\": 12, \"name\": \"linkLibrary\", \"id\": \"linkLibrary\", \"label\": \"Линк към библиотека\"}]"),
('89ed9c72-6614-4f8e-8cc2-838f84882421', '9023201c-8bd4-42a6-89dd-a1b2cdb90a24', "[{\"number\": 2, \"name\": \"authorFirstName\", \"id\": \"authorFirstName\", \"label\": \"Име на автор\"},{\"number\": 1, \"name\": \"authorLastName\", \"id\": \"authorLastName\", \"label\": \"Фамилия на автор\", \"required\": \"true\"},{\"number\": 3, \"name\": \"source\", \"id\": \"source\", \"label\": \"Име на източник\", \"required\": \"true\"},{\"number\": 6, \"name\": \"version\", \"id\": \"version\", \"label\": \"Версия\"},{\"number\": 7, \"name\": \"number\", \"id\": \"number\", \"label\": \"Номер\"},{\"number\": 8, \"name\": \"page\", \"id\": \"page\", \"label\": \"Страници\"},{\"number\": 8, \"name\": \"publisher\", \"id\": \"publisher\", \"label\": \"Издател\"},{\"number\": 9, \"name\": \"publicationDate\", \"id\": \"publicationDate\", \"label\": \"Дата на издаване\"},{\"number\": 10, \"name\": \"linkOnline\", \"id\": \"linkOnline\", \"label\": \"Линк към онлайн версия\"},{\"number\": 11, \"name\": \"linkArchive\", \"id\": \"linkArchive\", \"label\": \"Линк към архив\"},{\"number\": 12, \"name\": \"linkLibrary\", \"id\": \"linkLibrary\", \"label\": \"Линк към библиотека\"}]"),

('5e6d3b92-0260-4b41-bfde-dc7687338f8c', '382c229b-f539-4a5f-9881-99cd5b646e77', "[{\"number\": 2, \"name\": \"authorFirstName\", \"id\": \"authorFirstName\", \"label\": \"Име на автор\"},{\"number\": 1, \"name\": \"authorLastName\", \"id\": \"authorLastName\", \"label\": \"Фамилия на автор\", \"required\": \"true\"},{\"number\": 3, \"name\": \"source\", \"id\": \"source\", \"label\": \"Име на източник\", \"required\": \"true\"},{\"number\": 4, \"name\": \"containerTitle\", \"id\": \"containerTitle\", \"label\": \"Име на списание\", \"required\": \"true\",  \"condition\": \"списание\"},{\"number\": 5, \"name\": \"titleOfWebsite\", \"id\": \"titleOfWebsite\", \"label\": \"Име на уебсайт\", \"required\": \"true\", \"condition\": \"линк\"},{\"number\": 6, \"name\": \"version\", \"id\": \"version\", \"label\": \"Версия\"},{\"number\": 7, \"name\": \"number\", \"id\": \"number\", \"label\": \"Номер\"},{\"number\": 8, \"name\": \"page\", \"id\": \"page\", \"label\": \"Страници\", \"required\": \"true\"},{\"number\": 8, \"name\": \"publisher\", \"id\": \"publisher\", \"label\": \"Издател\"},{\"number\": 9, \"name\": \"publicationDate\", \"id\": \"publicationDate\", \"label\": \"Дата на издаване\", \"required\": \"true\"},{\"number\": 10, \"name\": \"dateOfAccess\", \"id\": \"dateOfAccess\", \"label\": \"Дата на достъп\"},{\"number\": 11, \"name\": \"location\", \"id\": \"location\", \"label\": \"Местоположение\"},{\"number\": 12, \"name\": \"linkOnline\", \"id\": \"linkOnline\", \"label\": \"Линк към онлайн версия\"},{\"number\": 13, \"name\": \"linkArchive\", \"id\": \"linkArchive\", \"label\": \"Линк към архив\"},{\"number\": 14, \"name\": \"linkLibrary\", \"id\": \"linkLibrary\", \"label\": \"Линк към библиотека\"}]"),
('5e6d3b92-0260-4b41-bfde-dc7687338f8c', '569d7287-5f4c-4487-99b1-36ca44c5a875', "[{\"number\": 2, \"name\": \"authorFirstName\", \"id\": \"authorFirstName\", \"label\": \"Име на автор\"},{\"number\": 1, \"name\": \"authorLastName\", \"id\": \"authorLastName\", \"label\": \"Фамилия на автор\", \"required\": \"true\"},{\"number\": 3, \"name\": \"source\", \"id\": \"source\", \"label\": \"Име на източник\", \"required\": \"true\"},{\"number\": 4, \"name\": \"containerTitle\", \"id\": \"containerTitle\", \"label\": \"Име на списание\", \"required\": \"true\",  \"condition\": \"списание\"},{\"number\": 5, \"name\": \"titleOfWebsite\", \"id\": \"titleOfWebsite\", \"label\": \"Име на уебсайт\", \"required\": \"true\", \"condition\": \"линк\"},{\"number\": 6, \"name\": \"version\", \"id\": \"version\", \"label\": \"Версия\"},{\"number\": 7, \"name\": \"number\", \"id\": \"number\", \"label\": \"Номер\"},{\"number\": 8, \"name\": \"page\", \"id\": \"page\", \"label\": \"Страници\", \"required\": \"true\"},{\"number\": 8, \"name\": \"publisher\", \"id\": \"publisher\", \"label\": \"Издател\"},{\"number\": 9, \"name\": \"publicationDate\", \"id\": \"publicationDate\", \"label\": \"Дата на издаване\", \"required\": \"true\"},{\"number\": 10, \"name\": \"dateOfAccess\", \"id\": \"dateOfAccess\", \"label\": \"Дата на достъп\"},{\"number\": 11, \"name\": \"location\", \"id\": \"location\", \"label\": \"Местоположение\"},{\"number\": 12, \"name\": \"linkOnline\", \"id\": \"linkOnline\", \"label\": \"Линк към онлайн версия\"},{\"number\": 13, \"name\": \"linkArchive\", \"id\": \"linkArchive\", \"label\": \"Линк към архив\"},{\"number\": 14, \"name\": \"linkLibrary\", \"id\": \"linkLibrary\", \"label\": \"Линк към библиотека\"}]"),
('5e6d3b92-0260-4b41-bfde-dc7687338f8c', '9023201c-8bd4-42a6-89dd-a1b2cdb90a24', "[{\"number\": 2, \"name\": \"authorFirstName\", \"id\": \"authorFirstName\", \"label\": \"Име на автор\"},{\"number\": 1, \"name\": \"authorLastName\", \"id\": \"authorLastName\", \"label\": \"Фамилия на автор\", \"required\": \"true\"},{\"number\": 3, \"name\": \"source\", \"id\": \"source\", \"label\": \"Име на източник\", \"required\": \"true\"},{\"number\": 4, \"name\": \"containerTitle\", \"id\": \"containerTitle\", \"label\": \"Име на списание\", \"required\": \"true\",  \"condition\": \"списание\"},{\"number\": 5, \"name\": \"titleOfWebsite\", \"id\": \"titleOfWebsite\", \"label\": \"Име на уебсайт\", \"required\": \"true\", \"condition\": \"линк\"},{\"number\": 6, \"name\": \"version\", \"id\": \"version\", \"label\": \"Версия\"},{\"number\": 7, \"name\": \"number\", \"id\": \"number\", \"label\": \"Номер\"},{\"number\": 8, \"name\": \"page\", \"id\": \"page\", \"label\": \"Страници\", \"required\": \"true\"},{\"number\": 8, \"name\": \"publisher\", \"id\": \"publisher\", \"label\": \"Издател\"},{\"number\": 9, \"name\": \"publicationDate\", \"id\": \"publicationDate\", \"label\": \"Дата на издаване\", \"required\": \"true\"},{\"number\": 10, \"name\": \"dateOfAccess\", \"id\": \"dateOfAccess\", \"label\": \"Дата на достъп\"},{\"number\": 11, \"name\": \"location\", \"id\": \"location\", \"label\": \"Местоположение\"},{\"number\": 12, \"name\": \"linkOnline\", \"id\": \"linkOnline\", \"label\": \"Линк към онлайн версия\"},{\"number\": 13, \"name\": \"linkArchive\", \"id\": \"linkArchive\", \"label\": \"Линк към архив\"},{\"number\": 14, \"name\": \"linkLibrary\", \"id\": \"linkLibrary\", \"label\": \"Линк към библиотека\"}]"),

('93c895ee-b9d5-4559-a558-a8c5b1b221f3', '382c229b-f539-4a5f-9881-99cd5b646e77', "[{\"number\": 1, \"name\": \"formattedCitation\", \"id\": \"formattedCitation\", \"label\": \"Текст за библиография\", \"required\": \"true\"},{\"number\": 2, \"name\": \"inTextCitation\", \"id\": \"inTextCitation\", \"label\": \"Текст за съдържание\", \"required\": \"true\"},{\"number\": 3, \"name\": \"linkOnline\", \"id\": \"linkOnline\", \"label\": \"Линк към онлайн версия\"},{\"number\": 4, \"name\": \"linkArchive\", \"id\": \"linkArchive\", \"label\": \"Линк към архив\"},{\"number\": 5, \"name\": \"linkLibrary\", \"id\": \"linkLibrary\", \"label\": \"Линк към библиотека\"}]"),
('93c895ee-b9d5-4559-a558-a8c5b1b221f3', '569d7287-5f4c-4487-99b1-36ca44c5a875', "[{\"number\": 1, \"name\": \"formattedCitation\", \"id\": \"formattedCitation\", \"label\": \"Текст за библиография\", \"required\": \"true\"},{\"number\": 2, \"name\": \"inTextCitation\", \"id\": \"inTextCitation\", \"label\": \"Текст за съдържание\", \"required\": \"true\"},{\"number\": 3, \"name\": \"linkOnline\", \"id\": \"linkOnline\", \"label\": \"Линк към онлайн версия\"},{\"number\": 4, \"name\": \"linkArchive\", \"id\": \"linkArchive\", \"label\": \"Линк към архив\"},{\"number\": 5, \"name\": \"linkLibrary\", \"id\": \"linkLibrary\", \"label\": \"Линк към библиотека\"}]"),
('93c895ee-b9d5-4559-a558-a8c5b1b221f3', '9023201c-8bd4-42a6-89dd-a1b2cdb90a24', "[{\"number\": 1, \"name\": \"formattedCitation\", \"id\": \"formattedCitation\", \"label\": \"Текст за библиография\", \"required\": \"true\"},{\"number\": 2, \"name\": \"inTextCitation\", \"id\": \"inTextCitation\", \"label\": \"Текст за съдържание\", \"required\": \"true\"},{\"number\": 3, \"name\": \"linkOnline\", \"id\": \"linkOnline\", \"label\": \"Линк към онлайн версия\"},{\"number\": 4, \"name\": \"linkArchive\", \"id\": \"linkArchive\", \"label\": \"Линк към архив\"},{\"number\": 5, \"name\": \"linkLibrary\", \"id\": \"linkLibrary\", \"label\": \"Линк към библиотека\"}]")

INSERT INTO user (id, username, email, password)
VALUES('cf8695c3-6e24-454a-b333-eb63c37ed7df', 'testUser', 'testUser@test.user', 'ToChange123')